legacy_table,module_id,prisma_model,mapping_status,notes
AbsBasicUnit,M11,,missing,
AbsGeneralItemDetails,M11,,missing,
AbsGeneralItemDetailsValues,M11,,missing,
AbsGeneralItems,M11,,missing,
AbsGeneralItemsValues,M11,,missing,
AbsProjectD1,M11,,missing,
AbsProjectD2,M11,,missing,
AbsProjectD3,M11,,missing,
AbsProjectD4,M11,,missing,
AbsProjectD5,M11,,missing,
AbsProjectH,M11,Project,mapped,
Account,M1,Account,mapped,
AccountCardDist,M1,,missing,
AccountTemp1,M-UNASSIGNED,,missing,
AccountTemp2,M-UNASSIGNED,,missing,
ActionsHistory,M0,,missing,
AdvancedRights,M0,UserAdvancedPermission,mapped,
Alarms,M-UNASSIGNED,,missing,
AllWarehousingTrans,M4,,missing,
AllWarehousingTrans1,M4,,missing,
ArchiveFiles,M20,,missing,
ArchiveFilesData,M20,,missing,
ArchiveFolders,M20,,missing,
AuditD,M17,,missing,
AuditH,M17,,missing,
BalanceAccountsD,M1,,missing,
BalanceAccountsH,M1,,missing,
BankBoxRights,M2,,missing,
BLChannel,M12,,missing,
BLCustomer,M12,,missing,
BLCustomerFollow,M12,,missing,
BLCustomerView,M12,,missing,
BLEmployee,M12,,missing,
BLSetting,M12,,missing,
BLUnitForSalesD1,M12,,missing,
BLUnitForSalesD2,M12,,missing,
BLUnitForSalesH,M12,,missing,
BLUnitSalesD2,M12,,missing,
BLUnitToOthers,M12,,missing,
Branch,M0,Branch,mapped,
CarBrand,M19,,missing,
CarContractD,M19,,missing,
CarContractH,M19,,missing,
CarCustomerD,M19,,missing,
CarCustomerH,M19,,missing,
CarDef,M19,,missing,
CarHiddenScreen,M19,,missing,
CarInsurance,M19,,missing,
CarLisence,M19,,missing,
CarMaintenanceSetting,M19,,missing,
CarModel,M19,,missing,
CarOrder,M19,,missing,
CarTechnical,M19,,missing,
CarTrace,M19,,missing,
CashTrxDetail,M2,,missing_detail_pattern,
CashTrxHeader,M2,,missing_header_pattern,
CashTrxotherDetail,M2,,missing_detail_pattern,
CCTransVio,M-UNASSIGNED,,missing,
City,M-UNASSIGNED,City,mapped,
CKTrxDetail,M2,,missing_detail_pattern,
CKTrxDetailSub,M2,,missing,
Color,M4,,missing,
Company,M0,Company,mapped,
CompanySetting,M0,CompanySettings,mapped,legacy plural CompanySetting vs CompanySettings
Contractor,M11,Contractor,mapped,
ContractorsDailyD,M11,,missing,
ContractorsDailyH,M11,,missing,
ContractorsPaymentD,M11,,missing,
ContractorsPaymentH,M11,,missing,
ContractorsStatementsD1,M11,,missing,
ContractorsStatementsD2,M11,,missing,
ContractorsStatementsD3,M11,,missing,
ContractorsStatementsH,M11,,missing,
CostCenter,M1,CostCenter,mapped,
Countries,M-UNASSIGNED,,missing,
Country,M-UNASSIGNED,,missing,
Currency,M-UNASSIGNED,Currency,mapped,
CurrencyHistory,M-UNASSIGNED,Currency,mapped,
Customer,M3,Customer,mapped,
Customer1,M3,,missing,
CustomerCategory,M3,,missing,
Cycle1D,M-UNASSIGNED,,missing,
Cycle1H,M-UNASSIGNED,,missing,
Cycle2D,M-UNASSIGNED,,missing,
Cycle2H,M-UNASSIGNED,,missing,
Daman,M23,,missing,
DamanSetting,M23,,missing,
Damantype,M23,,missing,
DamanUpdate,M23,,missing,
DaribaAccounts,M7,,missing,
DaribaAlarms,M7,,missing,
DaribaCustom,M7,,missing,
DaribaCustomPercent,M7,,missing,
DaribaCustomUse,M7,,missing,
DaribaMabiat,M7,,missing,
DaribaMabiatPaid,M7,,missing,
DaribaMamoria,M7,,missing,
DaribaPercent,M7,,missing,
DaribaPeriods,M7,,missing,
DaribaSadad,M7,,missing,
Dead1D,M-UNASSIGNED,,missing,
Dead1H,M-UNASSIGNED,,missing,
Dead2D,M-UNASSIGNED,,missing,
Dead2H,M-UNASSIGNED,,missing,
DealTypes,M-UNASSIGNED,,missing,
Display,M18,,missing,
DisplayDownloads,M18,,missing,
DisplayExamine,M18,,missing,
DisplayMarquee,M18,,missing,
DisplayMessages,M18,,missing,
DisplayProgress,M18,,missing,
DisplaySettings,M18,,missing,
DisplayTopics,M18,,missing,
DisplayUsers,M18,,missing,
Distributor,M3,Distributor,mapped,
Division,M-UNASSIGNED,,missing,
DocTemplateD,M-UNASSIGNED,,missing,
DocTemplateH,M-UNASSIGNED,,missing,
DocumentApproval,M-UNASSIGNED,,missing,
DocumentsApprovementD,M-UNASSIGNED,,missing,
DocumentsApprovementH,M-UNASSIGNED,,missing,
DocWantedD,M-UNASSIGNED,,missing,
DocWantedH,M-UNASSIGNED,,missing,
Driver,M3,Driver,mapped,
Egg,M-UNASSIGNED,,ignore,
EInvoiceSettings,M14,ElectronicInvoice,mapped,
Employee,M9,Employee,mapped,
EnterEgg,M-UNASSIGNED,,ignore,
Eshar,M7,,missing,
Etemad,M1,,missing,
ExpireDateHistory,M4,,missing,
ExpireDateHistoryCheck,M4,,missing,
ExpireDateHistoryTemp,M4,,missing,
Factory,M-UNASSIGNED,,missing,
Field1,M-UNASSIGNED,,ignore,
Field2,M-UNASSIGNED,,ignore,
Field3,M-UNASSIGNED,,ignore,
Field4,M-UNASSIGNED,,ignore,
Field5,M-UNASSIGNED,,ignore,
Geha,M-UNASSIGNED,,missing,
GLTransVio,M1,,missing,
GLTrxDetail,M1,JournalEntryLine,mapped,
GLTrxHeader,M1,JournalEntry,mapped,add branchId yearId legacyGlNum sourceType sourceNum status deleted balanced
GLTrxHeaderTemp,M1,,missing,
GroupDefinition,M0,UserGroup,mapped,
GroupSales,M3,,missing,
GuaranteeCompany,M23,,missing,
HiddenScreen,M0,,missing,
HRAbsensePolicyD,M9,,missing_hr,
HRAbsensePolicyH,M9,,missing_hr,
HRAction,M9,,missing_hr,
HRAdditionPolicyD,M9,,missing_hr,
HRAdditionPolicyH,M9,,missing_hr,
HRAdditions,M9,,missing_hr,
HRAllowancePolicyD,M9,,missing_hr,
HRAllowancePolicyH,M9,,missing_hr,
HRAllowances,M9,,missing_hr,
HRAnnualLeavePolicyD,M9,,missing_hr,
HRAnnualLeavePolicyH,M9,,missing_hr,
HRCadres,M9,,missing_hr,
HRCity,M9,,missing_hr,
HRCompanyHoliday,M9,,missing_hr,
HRCompanyHolidays,M9,,missing_hr,
HRCompanyTree,M9,,missing_hr,
HRCustodyPaymentH,M9,,missing_hr,
HRCustodyReceiveH,M9,,missing_hr,
HRDeductionPolicyD,M9,,missing_hr,
HRDeductionPolicyH,M9,,missing_hr,
HRDeductions,M9,,missing_hr,
HRDepartment,M9,,missing_hr,
HRDocType,M9,,missing_hr,
HRDocument,M9,,missing_hr,
HRDocumentsApprovementD,M9,,missing_hr,
HRDocumentsApprovementH,M9,,missing_hr,
HREmployeeAddition,M9,,missing_hr,
HREmployeeAllowance,M9,,missing_hr,
HREmployeeAnnualVacation,M9,,missing_hr,
HREmployeeAnnualVacationPayment,M9,,missing_hr,
HREmployeeContractD1,M9,,missing_hr,
HREmployeeContractD2,M9,,missing_hr,
HREmployeeContractD3,M9,,missing_hr,
HREmployeeContractH,M9,,missing_hr,
HREmployeeD1,M9,,missing_hr,
HREmployeeD2,M9,,missing_hr,
HREmployeeD3,M9,,missing_hr,
HREmployeeD4,M9,,missing_hr,
HREmployeeD5,M9,,missing_hr,
HREmployeeDeduction,M9,,missing_hr,
HREmployeeEndOfWork,M9,,missing_hr,
HREmployeeEndOfWorkMoney,M9,,missing_hr,
HREmployeeEndOfWorkPayment,M9,,missing_hr,
HREmployeeEndWork,M9,,missing_hr,
HREmployeeEvaluation,M9,,missing_hr,
HREmployeeEvaluationD1,M9,,missing_hr,
HREmployeeExtraditionCustody,M9,,missing_hr,
HREmployeeExtraditionCustodyD1,M9,,missing_hr,
HREmployeeFingerPrint,M9,,missing_hr,
HREmployeeGroupD,M9,,missing_hr,
HREmployeeGroupH,M9,,missing_hr,
HREmployeeGroups,M9,,missing_hr,
HREmployeeH,M9,Employee,mapped,
HREmployeeHousingMoney,M9,,missing_hr,
HREmployeeHousingPayment,M9,,missing_hr,
HREmployeeLate,M9,,missing_hr,
HREmployeeLoan,M9,,missing_hr,
HREmployeeMonthAbsenseD,M9,,missing_hr,
HREmployeeMonthAbsenseH,M9,,missing_hr,
HREmployeeMonthActionD,M9,,missing_hr,
HREmployeeMonthActionH,M9,,missing_hr,
HREmployeeMonthSalaryD,M9,,missing_hr,
HREmployeeMonthSalaryD1,M9,,missing_hr,
HREmployeeMonthSalaryD2,M9,,missing_hr,
HREmployeeMonthSalaryH,M9,,missing_hr,
HREmployeeMonthSalaryPaymentD,M9,,missing_hr,
HREmployeeMonthSalaryPaymentH,M9,,missing_hr,
HREmployeePic,M9,,missing_hr,
HREmployeeReceiveCustody,M9,,missing_hr,
HREmployeeReceiveCustodyD1,M9,,missing_hr,
HREmployeeSecondment,M9,,missing_hr,
HREmployeeShiftD,M9,,missing_hr,
HREmployeeShiftH,M9,,missing_hr,
HREmployeeStopOfWork,M9,,missing_hr,
HREmployeeThanking,M9,,missing_hr,
HREmployeeTraining,M9,,missing_hr,
HREmployeeTransfer,M9,,missing_hr,
HREmployeeUpgrade,M9,,missing_hr,
HREmployeeWarning,M9,,missing_hr,
HREmployeeWorkDaysD,M9,,missing_hr,
HREmployeeWorkDaysH,M9,,missing_hr,
HREmployeeWorkShifts,M9,,missing_hr,
HREndServicePolicyD,M9,,missing_hr,
HREndServicePolicyH,M9,,missing_hr,
HREvaluationSteps,M9,,missing_hr,
HRGroups,M9,,missing_hr,
HRGroupsWorkDays,M9,,missing_hr,
HRHiddenScreen,M9,,missing_hr,
HRHousingAllowancePolicyD,M9,,missing_hr,
HRHousingAllowancePolicyH,M9,,missing_hr,
HRIncrementsPolicyD,M9,,missing_hr,
HRIncrementsPolicyH,M9,,missing_hr,
HRJobLevels,M9,,missing_hr,
HRJobs,M9,,missing_hr,
HRJobsNames,M9,,missing_hr,
HRLatePolicyD,M9,,missing_hr,
HRLatePolicyH,M9,,missing_hr,
HRLoanPaymentH,M9,,missing_hr,
HRLoanReceiveH,M9,,missing_hr,
HRNationalities,M9,,missing_hr,
HRNationality,M9,,missing_hr,
HROverDaysPolicyD,M9,,missing_hr,
HROverDaysPolicyH,M9,,missing_hr,
HROverHoursPolicyD,M9,,missing_hr,
HROverHoursPolicyH,M9,,missing_hr,
HRPartion,M9,,missing_hr,
HRProjects,M9,,missing_hr,
HRQualification,M9,,missing_hr,
HRQualifications,M9,,missing_hr,
HRRecordAllowanceH,M9,,missing_hr,
HRRecordManualAttendanceH,M9,,missing_hr,
HRRecordVacationH,M9,,missing_hr,
HRRegisterEmployeeAnnualVacation,M9,,missing_hr,
HRReligion,M9,,missing_hr,
HRReligions,M9,,missing_hr,
HRRestartWork,M9,,missing_hr,
HRSalaryPolicyD1,M9,,missing_hr,
HRSalaryPolicyD2,M9,,missing_hr,
HRSalaryPolicyD3,M9,,missing_hr,
HRSalaryPolicyH,M9,,missing_hr,
HRSecondment,M9,,missing_hr,
HRSecondmentPolicyD,M9,,missing_hr,
HRSecondmentPolicyH,M9,,missing_hr,
HRSettingAccounts,M9,,missing_hr,
HRSettingAlarms,M9,,missing_hr,
HRSettingDays,M9,,missing_hr,
HRSettingInsurance,M9,,missing_hr,
HRSettingLateRules,M9,,missing_hr,
HRSettingTaxes,M9,,missing_hr,
HRShifts,M9,,missing_hr,
HRSocialStatus,M9,,missing_hr,
HRSpecialities,M9,,missing_hr,
HRSpecialty,M9,,missing_hr,
HRStartWork,M9,,missing_hr,
HRStopWork,M9,,missing_hr,
HRStopWorkD,M9,,missing_hr,
HRTicket,M9,,missing_hr,
HRTraining,M9,,missing_hr,
HRVacationPolicyD,M9,,missing_hr,
HRVacationPolicyH,M9,,missing_hr,
HRVacations,M9,,missing_hr,
HRWantEndOfServiceCodeD,M9,,missing_hr,
HRWantEndOfServiceD,M9,,missing_hr,
HRWantEndOfServiceH,M9,,missing_hr,
HRWantLoanD,M9,,missing_hr,
HRWantLoanH,M9,,missing_hr,
HRWantTransferD,M9,,missing_hr,
HRWantTransferH,M9,,missing_hr,
HRWantVacationD,M9,,missing_hr,
HRWantVacationH,M9,,missing_hr,
IATrxDetail,M-UNASSIGNED,,missing_detail_pattern,
IATrxHeader,M-UNASSIGNED,,missing_header_pattern,
IncomeStatementAccounts,M1,,missing,
InsuranceCompany,M-UNASSIGNED,,missing,
InternalSettings,M0,SystemSetting,mapped,
InterUnits,M4,,missing,
InvoiceContractor,M-UNASSIGNED,,missing,
InvoiceTrxCashs,M5,,missing,
InvoiceTrxChecks,M5,,missing,
InvoiceTrxDetail,M5,InvoiceLine,mapped,
InvoiceTrxDiscountGLNum,M5,,missing,
InvoiceTrxDistCash,M5,,missing,
InvoiceTrxHeader,M5,Invoice,mapped,
InvoiceTrxOthers,M5,,missing,
Item,M4,Item,mapped,
Itemcat,M4,,missing,
ItemColor,M4,,missing,
ItemColorSize,M4,,missing,
ItemConst,M4,,missing,
ItemConst1,M4,,missing,
ItemCost,M4,,missing,needs new ItemCostHistory model for moving average
ItemDetail,M4,,missing,
ItemOfferD,M4,,missing,
ItemOfferH,M4,ItemOffer,mapped,
ItemPic,M4,,missing,
ItemSerials,M4,,missing,
ItemsFirstTimeD,M4,OpeningStockLine,mapped,
ItemsFirstTimeH,M4,OpeningStock,mapped,
ItemSize,M4,,missing,
ItemsOrderD,M4,,missing,
ItemsOrderH,M4,,missing,
ItemStore,M4,ItemQuantity,mapped,
ItemSupplier,M4,,missing,
ItemUnit,M4,ItemUnit,mapped,
JobOrderD1,M-UNASSIGNED,,missing,
JobOrderD2,M-UNASSIGNED,,missing,
JobOrderH,M-UNASSIGNED,,missing,
JobOrderType,M-UNASSIGNED,,missing,
LangFormsTitles,M0,,missing,
LangLabelCaptions,M0,,missing,
LangLabelCaptionsTemp,M-UNASSIGNED,,missing,
LangMessages,M0,Translation,mapped,
LangReportCaptions,M0,,missing,
LangReportsTitles,M0,,missing,
Langs,M0,,missing,
LateValue,M-UNASSIGNED,,missing,
MainEtemad,M1,,missing,
MainEtemad1,M-UNASSIGNED,,missing,
MainEtemad12,M-UNASSIGNED,,missing,
MainEtemad2,M-UNASSIGNED,,missing,
MainEtemad4,M-UNASSIGNED,,missing,
MainEtemad5,M-UNASSIGNED,,missing,
MainTaxes,M7,,missing,
MaintenanceOperation,M-UNASSIGNED,,missing,
ManualDaribaSadadD,M7,,missing,
ManualDaribaSadadH,M7,,missing,
ManufactPlanD,M8,,missing,
ManufactPlanH,M8,,missing,
ManufactProcessD1,M8,,missing,
ManufactProcessD2,M8,,missing,
ManufactProcessD3,M8,,missing,
ManufactProcessD4,M8,,missing,
ManufactProcessH,M8,,missing,
ManufactSampleD,M8,,missing,
ManufactSampleH,M8,,missing,
ManufactWayD1,M8,,missing,
ManufactWayD2,M8,,missing,
ManufactWayD3,M8,,missing,
ManufactWayH,M8,,missing,
MarketingCompanyD,M-UNASSIGNED,,missing,
MarketingCompanyH,M-UNASSIGNED,,missing,
MealPeriod,M-UNASSIGNED,,missing,
Medcine1D1,M-UNASSIGNED,,missing,
Medcine1D2,M-UNASSIGNED,,missing,
Medcine1H,M-UNASSIGNED,,missing,
Medcine2D1,M-UNASSIGNED,,missing,
Medcine2D2,M-UNASSIGNED,,missing,
Medcine2H,M-UNASSIGNED,,missing,
MosAiadaD,M-LEGACY-MOS,,legacy_optional,
MosAiadaH,M-LEGACY-MOS,,legacy_optional,
MosAsha,M-LEGACY-MOS,,legacy_optional,
MosBuilding,M-LEGACY-MOS,,legacy_optional,
MosChanel,M-LEGACY-MOS,,legacy_optional,
MosDawamD,M-LEGACY-MOS,,legacy_optional,
MosDawamH,M-LEGACY-MOS,,legacy_optional,
MosDawamPolicy,M-LEGACY-MOS,,legacy_optional,
MosDegree,M-LEGACY-MOS,,legacy_optional,
MosDoctorD,M-LEGACY-MOS,,legacy_optional,
MosDoctorH,M-LEGACY-MOS,,legacy_optional,
MosEstkbal,M-LEGACY-MOS,,legacy_optional,
MosFarmecy,M-LEGACY-MOS,,legacy_optional,
MosFarmecyD,M-LEGACY-MOS,,legacy_optional,
MosFarmecyMedPerson,M-LEGACY-MOS,,legacy_optional,
MosFileCompanyAiadaVisitH,M-LEGACY-MOS,,legacy_optional,
MosFileCompanyContractH,M-LEGACY-MOS,,legacy_optional,
MosFileCompanyD,M-LEGACY-MOS,,legacy_optional,
MosFileCompanyDiscountH,M-LEGACY-MOS,,legacy_optional,
MosFileCompanyH,M-LEGACY-MOS,,legacy_optional,
MosFileCompanykhedmaPriceH,M-LEGACY-MOS,,legacy_optional,
MosGender,M-LEGACY-MOS,,legacy_optional,
MosHiddenScreen,M-LEGACY-MOS,,legacy_optional,
MosInternalD,M-LEGACY-MOS,,legacy_optional,
MosInternalD1,M-LEGACY-MOS,,legacy_optional,
MosInternalH,M-LEGACY-MOS,,legacy_optional,
MosInvoiceD,M-LEGACY-MOS,,legacy_optional,
MosInvoiceH,M-LEGACY-MOS,,legacy_optional,
MosKashf,M-LEGACY-MOS,,legacy_optional,
MosKashfChart,M-LEGACY-MOS,,legacy_optional,
MosKashfKhedma,M-LEGACY-MOS,,legacy_optional,
MosKashfKhedmaD,M-LEGACY-MOS,,legacy_optional,
MosKashfKhedmaH,M-LEGACY-MOS,,legacy_optional,
MosKashfKhedmaMedPerson,M-LEGACY-MOS,,legacy_optional,
MosKashfTahweel,M-LEGACY-MOS,,legacy_optional,
MosKhedmaD,M-LEGACY-MOS,,legacy_optional,
MosKhedmaH,M-LEGACY-MOS,,legacy_optional,
MosKhedmaTasneef,M-LEGACY-MOS,,legacy_optional,
MosMainCompanyAiadaVisitH,M-LEGACY-MOS,,legacy_optional,
MosMainCompanyContractH,M-LEGACY-MOS,,legacy_optional,
MosMainCompanyDiscountH,M-LEGACY-MOS,,legacy_optional,
MosMainCompanyH,M-LEGACY-MOS,,legacy_optional,
MosMainCompanykhedmaPriceH,M-LEGACY-MOS,,legacy_optional,
MosMainTameenCompany,M-LEGACY-MOS,,legacy_optional,
MosMedPerson,M-LEGACY-MOS,,legacy_optional,
MosNation,M-LEGACY-MOS,,legacy_optional,
MosPartionD,M-LEGACY-MOS,,legacy_optional,
MosPartionH,M-LEGACY-MOS,,legacy_optional,
MosPartionType,M-LEGACY-MOS,,legacy_optional,
MosPerson,M-LEGACY-MOS,,legacy_optional,
MosPosFinishD,M-LEGACY-MOS,,legacy_optional,
MosPosFinishH,M-LEGACY-MOS,,legacy_optional,
MosPrivateCompanyAiadaVisitH,M-LEGACY-MOS,,legacy_optional,
MosPrivateCompanyContractH,M-LEGACY-MOS,,legacy_optional,
MosPrivateCompanyD,M-LEGACY-MOS,,legacy_optional,
MosPrivateCompanyDiscountH,M-LEGACY-MOS,,legacy_optional,
MosPrivateCompanyH,M-LEGACY-MOS,,legacy_optional,
MosPrivateCompanykhedmaPriceH,M-LEGACY-MOS,,legacy_optional,
MosRelation,M-LEGACY-MOS,,legacy_optional,
MosRoomD,M-LEGACY-MOS,,legacy_optional,
MosRoomH,M-LEGACY-MOS,,legacy_optional,
MosRoomType,M-LEGACY-MOS,,legacy_optional,
MosSetting,M-LEGACY-MOS,,legacy_optional,
MosSettingD1,M-LEGACY-MOS,,legacy_optional,
MosSettingD2,M-LEGACY-MOS,,legacy_optional,
MosSubCompanyAiadaVisitH,M-LEGACY-MOS,,legacy_optional,
MosSubCompanyContractH,M-LEGACY-MOS,,legacy_optional,
MosSubCompanyD,M-LEGACY-MOS,,legacy_optional,
MosSubCompanyH,M-LEGACY-MOS,,legacy_optional,
MosSubCompanykhedmaPriceH,M-LEGACY-MOS,,legacy_optional,
MosSupervisor,M-LEGACY-MOS,,legacy_optional,
MosTahlelColumn,M-LEGACY-MOS,,legacy_optional,
MosTahlelD,M-LEGACY-MOS,,legacy_optional,
MosTahlelH,M-LEGACY-MOS,,legacy_optional,
MosTahlelPartD,M-LEGACY-MOS,,legacy_optional,
MosTahlelPartH,M-LEGACY-MOS,,legacy_optional,
MosTameenFeah,M-LEGACY-MOS,,legacy_optional,
MosTameenType,M-LEGACY-MOS,,legacy_optional,
Nation,M-UNASSIGNED,,missing,
NewArchiveFiles,M20,,missing,
NewModule,M0,,missing,
NewModuleStore,M0,,missing,
NotAllowedAccount,M1,,missing,
Original,M-UNASSIGNED,,missing,
OtherModulesRights,M0,,missing,
OwnerStatementsD1,M11,,missing,
OwnerStatementsD2,M11,,missing,
OwnerStatementsH,M11,,missing,
PartenerAction,M-UNASSIGNED,,missing,
Person,M3,,missing,
PersonGroup,M3,,missing,
PersonItems,M3,,missing,
PersonItemsValuesD,M3,,missing,
PersonItemsValuesH,M3,,missing,
PivotCostCenter,M1,,missing,
PKTrxDetail,M2,,missing_detail_pattern,
PKTrxDetailSub,M2,,missing,
Place,M-UNASSIGNED,,missing,
POSColorD,M6,,missing,
POSFinish,M6,,missing,
Price,M-UNASSIGNED,,missing,
PriceListD,M-UNASSIGNED,ItemPrice,mapped,
PriceListH,M-UNASSIGNED,PriceList,mapped,
ProdEgg,M-UNASSIGNED,,ignore,
ProductionD,M-UNASSIGNED,,missing,
ProductionH,M-UNASSIGNED,,missing,
ProjectContractD,M13,,missing,
ProjectContractH,M13,,missing,
ProjectContractPayment,M13,,missing,
ProjectD1,M13,,missing,
ProjectD2,M13,,missing,
ProjectH,M13,,missing,
PutEgg,M-UNASSIGNED,,ignore,
Region,M-UNASSIGNED,,missing,
Religon,M-UNASSIGNED,,missing,
RestPayment,M-UNASSIGNED,,missing,
RestPOSD,M6,,missing,
RestPOSFinish,M6,,missing,
RestPOSH,M6,,missing,
RestSetting,M-UNASSIGNED,,missing,
SalesCommD,M5,,missing,
SalesCommH,M5,,missing,
SalesDaribaEshar,M7,,missing,
SalesPolicyD,M5,,missing,
SalesPolicyH,M5,,missing,
SchoolActive,M10,,missing_school,
SchoolAddBooks,M10,,missing_school,
SchoolBook,M10,,missing_school,
SchoolBooksCompany,M10,,missing_school,
SchoolBus,M10,,missing_school,
SchoolClass,M10,,missing_school,
SchoolDisc,M10,,missing_school,
SchoolLevel,M10,,missing_school,
SchoolMainActives,M10,,missing_school,
SchoolMainBooks,M10,,missing_school,
SchoolMoveD,M10,,missing_school,
SchoolMoveH,M10,,missing_school,
SchoolPartener,M10,,missing_school,
SchoolPayment,M10,,missing_school,
SchoolPerson,M10,,missing_school,
SchoolPersonInit,M10,,missing_school,
SchoolPersonOut,M10,,missing_school,
SchoolPersonPayment,M10,,missing_school,
SchoolPersonTake,M10,,missing_school,
SchoolSadadD,M10,,missing_school,
SchoolSadadH,M10,,missing_school,
SchoolSetting,M10,,missing_school,
SchoolStartD,M10,,missing_school,
SchoolStartH,M10,,missing_school,
SchoolSubBooks,M10,,missing_school,
SchoolTaker,M10,,missing_school,
SchoolWorker,M10,,missing_school,
SchoolYear,M10,,missing_school,
SchoolYearNum,M10,,missing_school,
Seller,M3,Delegate,mapped,
ServiceCenter,M-UNASSIGNED,,missing,
Size,M4,,missing,
SpecialCustomerContractD,M-UNASSIGNED,,missing,
SpecialCustomerContractH,M-UNASSIGNED,,missing,
Station1D,M-UNASSIGNED,,missing,
Station1H,M-UNASSIGNED,,missing,
Station2D,M-UNASSIGNED,,missing,
Station2H,M-UNASSIGNED,,missing,
Store,M4,Warehouse,mapped,maps to Warehouse; legacy StoreCode
StoreAdjustDetail,M4,,missing,
StoreAdjustHeader,M4,,missing,
StoreCheckDetail,M4,StocktakingLine,mapped,
StoreCheckHeader,M4,Stocktaking,mapped,
StoreCollDetail,M4,,missing,
StoreCollHeader,M4,,missing,
StoreTransDetail,M4,TransferLine,mapped,
StoreTransHeader,M4,Transfer,mapped,
SubTaxes,M7,,missing,
SubTaxes2,M7,,missing,
Supplier,M3,Supplier,mapped,
sysdiagrams,M-UNASSIGNED,,ignore,
TempLangLabelCaptions,M-UNASSIGNED,,missing,
TempPayment,M2,,missing,
Trace,M0,ActivityLog,mapped,
Trace1,M0,,missing,
Type,M-UNASSIGNED,,missing,
UserApproval,M0,,missing,
UserBranches,M0,,missing,
UserDefinition,M0,User,mapped,
UserIn,M0,,missing,
Version,M0,,missing,
WeightD,M-UNASSIGNED,,missing,
WeightH,M-UNASSIGNED,,missing,
Workers,M-UNASSIGNED,,missing,
WorkShiftD,M-UNASSIGNED,,missing,
WorkShiftH,M-UNASSIGNED,,missing,
WriteComplain,M-UNASSIGNED,,missing,
Year,M0,Period,mapped,
